{"Loss/learning_time":0.6421077251434326,"_step":7172,"Train/mean_reward/time":0.01807712231605225,"Loss/AMP_grad_pen_loss":0.07165231183171272,"Loss/surrogate_loss":-0.004425737222481985,"_wandb":{"runtime":11981},"Train/mean_reward":216.05950384140016,"Loss/mean_noise_std":7.240067958831787,"Loss/learning_rate":1e-05,"Train/mean_episode_length":639.44,"Loss/AMP_loss":0.027491479087620972,"Loss/collection_time":1.005394697189331,"Loss/AMP_mean_policy_pred":-0.8922023385763168,"Loss/AMP_mean_expert_pred":0.89751036465168,"Loss/total_fps":43702,"_timestamp":1.7423124422349255e+09,"Loss/value_function_loss":5.315313863754272,"_runtime":11981.193357788}