{"Train/mean_reward/time":0.13415802290938322,"Loss/mean_noise_std":1.1237918138504028,"Loss/learning_rate":7.593750000000004e-05,"_runtime":1499.867537161,"Loss/AMP_grad_pen_loss":0.18826742395758628,"Loss/total_fps":46620,"Loss/surrogate_loss":-0.0009040172852110117,"Train/mean_episode_length":519.54,"_step":863,"Loss/AMP_loss":0.1267021156847477,"Loss/value_function_loss":6.003828740119934,"Train/mean_reward":199.15973189353943,"_wandb":{"runtime":1501},"Loss/AMP_mean_policy_pred":-0.687190854549408,"Loss/collection_time":0.9406955242156982,"_timestamp":1.7428039396419125e+09,"Loss/AMP_mean_expert_pred":0.6940031319856643,"Loss/learning_time":0.6036889553070068}