{"_timestamp":1.742869492822569e+09,"Loss/surrogate_loss":0.00713825979437388,"_runtime":4172.605991539,"Loss/mean_noise_std":0.4922642707824707,"_step":2710,"Loss/learning_rate":2.2500000000000008e-05,"Loss/collection_time":0.9381828308105469,"Train/mean_episode_length":652.78,"Loss/total_fps":46494,"Loss/AMP_mean_policy_pred":-0.6117004692554474,"Train/mean_reward":411.09822402954103,"Loss/learning_time":0.6103847026824951,"Loss/AMP_loss":0.16589698642492295,"Loss/value_function_loss":1.1883598148822785,"_wandb":{"runtime":4173},"Loss/AMP_grad_pen_loss":0.21112672090530396,"Train/mean_reward/time":0.09895755285984853,"Loss/AMP_mean_expert_pred":0.614840281009674}