{"Loss/learning_rate":1e-05,"_wandb":{"runtime":279},"Loss/AMP_grad_pen_loss":0.01372818872332573,"Loss/mean_noise_std":0.5455825328826904,"_step":135,"Train/mean_reward":6.341291412115097,"Loss/collection_time":1.0436034202575684,"_runtime":279.186040521,"Loss/value_function_loss":628.9817199707031,"Loss/total_fps":42976,"Loss/AMP_loss":0.003916660463437438,"Loss/learning_time":0.6317317485809326,"Loss/AMP_mean_policy_pred":-0.980982095003128,"Train/mean_reward/time":0.023921364016187305,"_timestamp":1.7428817943091013e+09,"Loss/surrogate_loss":0.01864970597525826,"Loss/AMP_mean_expert_pred":0.9756078481674194,"Train/mean_episode_length":31.72}