{"Loss/AMP_mean_policy_pred":-0.9616918116807938,"_step":19,"Train/mean_reward":3.1261886781454087,"Train/mean_episode_length":24.18,"Loss/AMP_loss":0.009030792489647865,"Train/mean_reward/time":0.08489235645277754,"Loss/learning_time":0.7196850776672363,"Loss/total_fps":39128,"_timestamp":1.7422935281941345e+09,"Loss/learning_rate":5.852766346593509e-05,"Loss/mean_noise_std":1.0890309810638428,"Loss/AMP_grad_pen_loss":0.029857920948415995,"Loss/surrogate_loss":-0.009668700624024496,"Loss/collection_time":1.1204116344451904,"_wandb":{"runtime":50},"_runtime":49.630305296,"Loss/value_function_loss":0.5492061525583267,"Loss/AMP_mean_expert_pred":0.9548023015260696}