{"Train/mean_reward/time":75.60593631982803,"Loss/total_fps":2146,"Train/mean_reward":75.60593631982803,"_runtime":8642.642826049,"Loss/collection time":32.84796619415283,"Loss/learning_time":0.6874876022338867,"Loss/value_function":3.3586356401443482,"Loss/surrogate":0.0002438657589664217,"Loss/mean_noise_std":3.9002747535705566,"_step":66221,"Loss/learning_rate":1.5000000000000005e-05,"Train/mean_episode_length":409.43,"Loss/AMP":0.004057490814011544,"Train/mean_episode_length/time":409.43,"_timestamp":1.7422240995795605e+09,"Loss/AMP_grad":0.012405299721285701,"_wandb":{"runtime":8665}}