{"Loss/AMP_mean_expert_pred":0.6036148518323898,"Loss/learning_rate":1e-05,"Loss/total_fps":42471,"Loss/surrogate_loss":0.014088587793230545,"Train/mean_reward":452.12183250427245,"Train/mean_reward/time":0.36648226089857144,"Train/mean_episode_length":657.88,"_wandb":{"runtime":1248},"Loss/AMP_grad_pen_loss":0.21774771735072135,"_timestamp":1.7428783067182713e+09,"Loss/learning_time":0.6122276782989502,"Loss/AMP_mean_policy_pred":-0.5992781013250351,"Loss/AMP_loss":0.17730656191706656,"_step":757,"Loss/mean_noise_std":0.542402982711792,"_runtime":1248.092435041,"Loss/value_function_loss":1.346269077062607,"Loss/collection_time":1.0830440521240234}