{"Loss/AMP_mean_expert_pred":0.6267417520284653,"Loss/surrogate_loss":0.004782188836179558,"Train/mean_reward/time":0.2357985961183337,"_step":1185,"Loss/AMP_loss":0.1568223789334297,"Loss/AMP_mean_policy_pred":-0.6253791183233262,"Loss/learning_time":0.6501724720001221,"Train/mean_reward":465.28974884033204,"Loss/value_function_loss":5.159232020378113,"Loss/total_fps":43937,"Loss/learning_rate":1.5000000000000002e-05,"Loss/collection_time":0.988537073135376,"_timestamp":1.7428142438180072e+09,"Loss/mean_noise_std":0.9026509523391724,"_runtime":1988.675504342,"Train/mean_episode_length":668,"_wandb":{"runtime":1989},"Loss/AMP_grad_pen_loss":0.20955524295568467}