{"_wandb":{"runtime":3594},"Loss/total_fps":43323,"Loss/mean_noise_std":0.9032115340232849,"_step":2074,"Loss/collection_time":1.0026576519012451,"Loss/value_function_loss":10.202700901031495,"Loss/learning_rate":2.2500000000000008e-05,"Loss/surrogate_loss":-0.001599786791484803,"Train/mean_episode_length":396.57,"Loss/AMP_mean_policy_pred":-0.654786866903305,"Loss/AMP_grad_pen_loss":0.1992289587855339,"Loss/AMP_mean_expert_pred":0.6563974112272263,"_timestamp":1.7428121049153378e+09,"_runtime":3593.638985593,"Train/mean_reward":259.1768792438507,"Loss/learning_time":0.6592719554901123,"Train/mean_reward/time":0.07247139543225146,"Loss/AMP_loss":0.14083064422011377}