{"Train/mean_reward/time":0.026039997682762963,"Loss/AMP_loss":0.12786935120821,"Loss/learning_time":0.6402857303619385,"_runtime":3420.003170212,"Loss/value_function_loss":1.11018505692482,"Loss/collection_time":0.9393219947814941,"Loss/total_fps":45580,"Loss/AMP_grad_pen_loss":0.17135424464941024,"Train/mean_reward":88.62722442626954,"Loss/surrogate_loss":0.0023433352616848424,"_timestamp":1.742889679550289e+09,"_wandb":{"runtime":3421},"Loss/mean_noise_std":0.8832479119300842,"Train/mean_episode_length":92.15,"Loss/AMP_mean_policy_pred":-0.6925419330596924,"_step":2034,"Loss/learning_rate":3.3750000000000014e-05,"Loss/AMP_mean_expert_pred":0.6908955961465836}