{"_wandb":{"runtime":15412},"Loss/value_function_loss":1.083386129140854,"_runtime":15411.244884404,"Loss/AMP_grad_pen_loss":0.10767882205545902,"Loss/learning_rate":2.2500000000000005e-05,"Train/mean_episode_length":668,"Loss/mean_noise_std":3.329359292984009,"Train/mean_reward":378.2735235595703,"Loss/learning_time":0.642582893371582,"Loss/AMP_loss":0.04347166698426008,"Loss/surrogate_loss":-0.004247827205108479,"Loss/total_fps":43508,"Loss/AMP_mean_policy_pred":-0.8434265553951263,"_step":9040,"Loss/AMP_mean_expert_pred":0.8424395352602005,"Train/mean_reward/time":0.02459835962801751,"_timestamp":1.7422927485016973e+09,"Loss/collection_time":1.012263536453247}