{"_step":1504,"Loss/mean_noise_std":0.5668983459472656,"Loss/value_function_loss":1.779734992980957,"Loss/AMP_mean_expert_pred":0.6376258343458175,"Train/mean_reward":372.0102658081055,"Loss/total_fps":30596,"Loss/learning_rate":2.2500000000000008e-05,"_timestamp":1.742875931579597e+09,"Train/mean_episode_length":641.76,"Loss/AMP_grad_pen_loss":0.20856774970889091,"_runtime":2507.332852923,"Loss/learning_time":0.6085498332977295,"Train/mean_reward/time":0.1493228557005955,"Loss/collection_time":1.7446815967559814,"Loss/AMP_mean_policy_pred":-0.6389649838209153,"Loss/surrogate_loss":0.0031680464584496804,"Loss/AMP_loss":0.15014517083764076,"_wandb":{"runtime":2508}}