{"Loss/total_fps":47340,"Loss/AMP_loss":0.1282824382185936,"Loss/AMP_mean_policy_pred":-0.6862451761960984,"Loss/AMP_grad_pen_loss":0.18519752845168114,"Loss/learning_time":0.6075825691223145,"Loss/mean_noise_std":0.9874114990234375,"Loss/learning_rate":7.593750000000004e-05,"_wandb":{"runtime":632},"_runtime":631.896512897,"_step":338,"Loss/value_function_loss":4.779989624023438,"Loss/collection_time":0.9133005142211914,"Train/mean_reward":240.51456729888915,"Train/mean_episode_length":644.92,"Loss/surrogate_loss":-0.0014769848610740155,"_timestamp":1.7428076149959042e+09,"Loss/AMP_mean_expert_pred":0.6886159300804138,"Train/mean_reward/time":0.38908973351270026}