{"_wandb":{"runtime":101},"Loss/surrogate_loss":-0.0023128197266487406,"Train/mean_reward/time":6.972743887901306,"_runtime":100.435001517,"Loss/learning_rate":0.00017085937500000009,"Train/mean_reward":6.972743887901306,"Loss/value_function_loss":1.3843026161193848,"Loss/AMP_loss":0.013483517104759812,"Loss/AMP_mean_policy_pred":-0.9475307911634445,"Loss/mean_noise_std":1.1144185066223145,"Loss/AMP_mean_expert_pred":0.9512699902057647,"Loss/AMP_grad_pen_loss":0.03214730359613895,"_step":749,"Loss/total_fps":40722,"Train/mean_episode_length/time":35.57,"Loss/collection time":1.0849673748016357,"_timestamp":1.7422771552466009e+09,"Loss/learning_time":0.6830999851226807,"Train/mean_episode_length":35.57}