{"Loss/mean_noise_std":2.1910197734832764,"Train/mean_episode_length":476.44,"Train/mean_reward/time":0.05637290900901185,"Loss/total_fps":43137,"_timestamp":1.7422960598937724e+09,"Loss/AMP_grad_pen_loss":0.07027980349957944,"Loss/learning_time":0.6430389881134033,"Loss/collection_time":1.0260467529296875,"_step":1481,"Loss/value_function_loss":5.0802330493927,"_runtime":2498.869730706,"Loss/AMP_mean_expert_pred":0.9016140192747116,"Loss/learning_rate":1e-05,"Train/mean_reward":139.94007168292998,"Loss/AMP_loss":0.028261511866003276,"_wandb":{"runtime":2498},"Loss/surrogate_loss":0.0041452317527728155,"Loss/AMP_mean_policy_pred":-0.8957887887954712}