{"Train/mean_episode_length":19.52,"Loss/total_fps":30138,"_step":448,"Loss/learning_rate":2.2500000000000005e-05,"Train/mean_reward":-22.000513949394225,"Loss/AMP_mean_policy_pred":-0.9412632644176483,"_timestamp":1.742884785759339e+09,"Loss/AMP_mean_expert_pred":0.9372359991073609,"Train/mean_reward/time":-0.028060562929399454,"Loss/AMP_grad_pen_loss":0.05268993452191353,"Loss/collection_time":1.7787582874298096,"Loss/AMP_loss":0.010501112136989833,"Loss/value_function_loss":19.99929428100586,"_wandb":{"runtime":799},"_runtime":797.840719783,"Loss/learning_time":0.6101841926574707,"Loss/surrogate_loss":0.0052438649989198895,"Loss/mean_noise_std":0.999818742275238}