{"Train/mean_reward":531.1710485839844,"Loss/learning_time":0.6098198890686035,"Loss/AMP_loss":0.030071337055414916,"Train/mean_reward/time":0.35387779223875776,"Loss/AMP_mean_expert_pred":0.890469491481781,"_timestamp":1.7428834082925613e+09,"Loss/surrogate_loss":-0.0018601275034598075,"Loss/total_fps":30513,"_runtime":1515.030056077,"_wandb":{"runtime":1515},"Loss/learning_rate":0.00011390625000000003,"Train/mean_episode_length":605,"Loss/collection_time":1.7497668266296387,"_step":875,"Loss/AMP_mean_policy_pred":-0.8939998537302017,"Loss/value_function_loss":8.339838981628418,"Loss/AMP_grad_pen_loss":0.07575741074979306,"Loss/mean_noise_std":0.9092354774475098}