{"Train/mean_reward":8.762065668106079,"Loss/total_fps":40664,"Loss/AMP_grad_pen_loss":0.00771874978672713,"_runtime":146.665109643,"Loss/AMP_loss":0.003104572498705238,"Loss/mean_noise_std":1.1493295431137085,"Train/mean_episode_length":51.65,"_wandb":{"runtime":146},"Train/mean_reward/time":8.762065668106079,"Train/mean_episode_length/time":51.65,"Loss/surrogate_loss":-0.003824088315013796,"Loss/learning_rate":0.00011390625000000005,"_timestamp":1.7422764465564663e+09,"Loss/AMP_mean_expert_pred":0.9862970054149628,"Loss/AMP_mean_policy_pred":-0.9857914298772812,"Loss/learning_time":0.6425056457519531,"Loss/value_function_loss":1.0385536789894103,"_step":1094,"Loss/collection time":1.1280970573425293}