{"_wandb":{"runtime":762},"Loss/mean_noise_std":0.8965356945991516,"Train/mean_reward/time":0.11975685606983053,"_step":419,"Loss/AMP_loss":0.13435635343194008,"Loss/AMP_mean_expert_pred":0.6969459146261215,"_timestamp":1.7428907594001129e+09,"Loss/value_function_loss":0.927151408791542,"Loss/collection_time":0.9664251804351807,"Loss/surrogate_loss":0.002452482914668508,"Train/mean_episode_length":93.89,"Loss/AMP_mean_policy_pred":-0.7019644290208816,"Loss/learning_time":0.6158769130706787,"Loss/learning_rate":2.2500000000000008e-05,"Train/mean_reward":89.48148036956788,"Loss/AMP_grad_pen_loss":0.15254171714186668,"Loss/total_fps":45503,"_runtime":761.27237581}