{"Loss/surrogate_loss":-4.331163800088689e-05,"Loss/AMP_mean_expert_pred":0.6155456453561783,"Train/mean_episode_length":668,"Loss/AMP_loss":0.16457494273781775,"Loss/AMP_grad_pen_loss":0.21325407028198243,"_runtime":46147.825904195,"Loss/learning_time":0.6553964614868164,"Loss/total_fps":44016,"Loss/collection_time":0.980344295501709,"_wandb":{"runtime":46148},"Loss/learning_rate":2.2500000000000005e-05,"Train/mean_reward/time":0.010690662658009394,"_step":29766,"Train/mean_reward":492.4911047363281,"Loss/AMP_mean_policy_pred":-0.6150480896234513,"_timestamp":1.7428623138247383e+09,"Loss/mean_noise_std":1.2700371742248535,"Loss/value_function_loss":1.788300085067749}