{"Loss/collection_time":1.7615396976470947,"Loss/value_function_loss":34.008464622497556,"Loss/total_fps":30358,"Train/mean_episode_length":54.67,"Train/mean_reward/time":0.2596988539215146,"Train/mean_reward":17.981581649780274,"_step":19,"Loss/learning_time":0.610126256942749,"Loss/mean_noise_std":1.0128332376480103,"Loss/AMP_mean_policy_pred":-0.8905986458063125,"Loss/surrogate_loss":-0.0009993268235120923,"Loss/learning_rate":0.00017085937500000006,"Loss/AMP_mean_expert_pred":0.8878436625003815,"_wandb":{"runtime":82},"_runtime":82.160752538,"Loss/AMP_grad_pen_loss":0.0694331731647253,"Loss/AMP_loss":0.03692271485924721,"_timestamp":1.7428861710099125e+09}