{"Loss/learning_rate":7.593750000000004e-05,"Loss/AMP_mean_expert_pred":0.7205852955579758,"Loss/value_function_loss":6.865046119689941,"_runtime":1856.45673967,"Loss/AMP_mean_policy_pred":-0.7219652682542801,"Loss/mean_noise_std":1.4911308288574219,"Train/mean_reward/time":0.032174471595025754,"_timestamp":1.7428064953190196e+09,"Train/mean_episode_length":165.35,"_wandb":{"runtime":1857},"Loss/collection_time":1.0338551998138428,"Train/mean_reward":59.222291256189344,"Loss/learning_time":0.606529712677002,"Loss/surrogate_loss":-0.0011285750137176366,"Loss/AMP_loss":0.11306058689951896,"Loss/total_fps":43892,"_step":1035,"Loss/AMP_grad_pen_loss":0.16920934915542601}