{"Loss/AMP_loss":0.0245319495908916,"Loss/total_fps":41159,"Loss/mean_noise_std":1.0195257663726807,"Loss/AMP_grad_pen_loss":0.07561443001031876,"Loss/learning_time":0.6181485652923584,"Loss/surrogate_loss":-0.004617465390765574,"_wandb":{"runtime":33},"Loss/learning_rate":0.0033750000000000013,"Train/mean_reward":6.4740761113166805,"_runtime":32.273469802,"_timestamp":1.7428024022416325e+09,"Loss/collection_time":1.1311635971069336,"Train/mean_reward/time":0.33806508995670326,"_step":3,"Train/mean_episode_length":48.58,"Loss/value_function_loss":0.9011808425188065,"Loss/AMP_mean_policy_pred":-0.9261374622583389,"Loss/AMP_mean_expert_pred":0.8812712848186492}