{"Loss/AMP_mean_policy_pred":-0.6445499926805496,"_wandb":{"runtime":2227},"Loss/mean_noise_std":0.517113447189331,"Loss/collection_time":1.5136070251464844,"Loss/learning_rate":1e-05,"_runtime":2227.34999815,"Loss/learning_time":0.6076784133911133,"_timestamp":1.7428733063579197e+09,"Train/mean_reward":376.63795667648316,"_step":1318,"Loss/total_fps":33941,"Loss/value_function_loss":1.3149453759193421,"Loss/AMP_mean_expert_pred":0.6342632174491882,"Train/mean_episode_length":608.33,"Loss/AMP_loss":0.1563731923699379,"Train/mean_reward/time":0.17026324910917,"Loss/surrogate_loss":0.008538768740254454,"Loss/AMP_grad_pen_loss":0.20475176125764846}