{"Loss/learning_time":0.6445682048797607,"Loss/surrogate":0.0005817539640702307,"Train/mean_episode_length/time":631.42,"_runtime":2847.217082096,"Loss/collection time":1.0446598529815674,"Train/mean_reward":241.91442660331725,"_timestamp":1.7422278471315925e+09,"Loss/value_function":1.4472693920135498,"Loss/total_fps":42623,"Loss/AMP_grad":0.04448296781629324,"Train/mean_episode_length":631.42,"Loss/AMP":0.013577560149133205,"Loss/mean_noise_std":2.6267471313476562,"_wandb":{"runtime":2847},"Loss/learning_rate":3.3750000000000014e-05,"Train/mean_reward/time":241.91442660331725,"_step":21618}