{"Loss/learning_time":0.6102344989776611,"Loss/surrogate_loss":0.0021504526128410363,"_runtime":331.747890871,"Loss/AMP_loss":0.09755510725080967,"Loss/AMP_mean_expert_pred":0.7171516120433807,"_wandb":{"runtime":332},"Loss/value_function_loss":2.04881933927536,"Train/mean_reward/time":1.0462094845488743,"Loss/AMP_mean_policy_pred":-0.7160332649946213,"Loss/learning_rate":2.2500000000000005e-05,"Loss/mean_noise_std":0.5821977853775024,"Loss/total_fps":47063,"Train/mean_episode_length":644.76,"Loss/AMP_grad_pen_loss":0.17651150226593018,"_step":163,"_timestamp":1.7428769004403677e+09,"Loss/collection_time":0.9196040630340576,"Train/mean_reward":333.3205088233948}